title,location,price,bedrooms
,Karen Hardy,"KSh 68,000,000",4
,Kiambu Road,"KSh 45,000,000",3
,Karen,"KSh 63,000,000",4
,"Kangundo road, Joska, Kamulu Joska Malaa","KSh 8,750,000",3
,"Garden estate, Garden Estate, Roysambu","KSh 48,000,000",4
,"Kiambu Road Runda Paridise lost Kiambu, Runda, Westlands","KSh 66,000,000",4
,"Kitisuru, Westlands","KSh 110,000,000",5
,Karen,"KSh 97,000,000",5
,"Academy road, Karen","KSh 115,000,000",6
,"Brookside drive., Brookside, Westlands","KSh 75,000,000",4
,South C,"KSh 55,000,000",2
,Kiambu Road,"KSh 21,817,000",3
,"Ngumo, Ngumo Estate","KSh 21,000,000",3
,"Road C, Mombasa Road","KSh 28,000,000",4
,Lavington,"KSh 55,000,000",5
,"Gigiri, Westlands","KSh 230,000,000",5
,"Kitisuru, Westlands","KSh 130,000,000",5
,Upper Hill,"KSh 70,000,000",3
,"lavington, Lavington","KSh 65,000,000",4
,"01, riverside, Nairobi, Riverside, Westlands","KSh 47,000,000",4
,"01, kitisuru, Kitisuru, Westlands","KSh 87,000,000",5
,"Runda, Westlands","KSh 100,000,000",4
,"Runda, Westlands","KSh 90,000,000",5
,"O, Old kitisuru, Kitisuru, Westlands","KSh 250,000,000",4
,"Runda, Westlands","KSh 95,000,000",4
,Kiambu Road,Price not communicated,7
,"65, Lower kabete, Lower Kabete, Westlands","KSh 250,000,000",6
,Kiambu Road,"KSh 35,000,000",4
,"Runda, Westlands","KSh 125,000,000",6
,"Lavington Green, Lavington","KSh 58,000,000",5
,"Runda, Westlands","KSh 85,000,000",4
,"Loresho, Westlands","KSh 45,000,000",4
,"01, Lower Kabete, Westlands","KSh 90,000,000",5
,"Kitisuru, Westlands","KSh 65,000,000",4
,Kiambu Road,"KSh 59,000,000",4
,Kasarani,"KSh 21,000,000",5
,Karen,"KSh 90,000,000",4
,"Kibera Station road, Jamhuri","KSh 20,000,000",6
,"Off Langata Road, Karen","KSh 190,000,000",7
,"Westlands Area, Westlands","KSh 39,000,000",4
,"Ngong, Ngong Road","KSh 9,600,000",3
,"Loresho, Westlands","KSh 59,500,000",5
,"187, Spur Mall, Thika Road","KSh 16,000,000",4
,"kiambu, Kiambu Road","KSh 32,000,000",4
,"118, Five-star paradise, Runda, Westlands","KSh 51,000,000",4
,Lavington,"KSh 50,000,000",5
,Muthaiga,"KSh 250,000,000",4
,"Nyari Central, Nyari, Westlands","KSh 115,000,000",5
,Buruburu,"KSh 20,000,000",4
,"Lower kabete, Lower Kabete, Westlands","KSh 165,000,000",5
,Lavington,"KSh 150,000,000",6
,"Runda, Westlands","KSh 150,000,000",4
,"Brookside, Westlands","KSh 75,000,000",5
,"Gigiri, Westlands","KSh 230,000,000",5
,"O, Karen ushirka road, Karen","KSh 120,000,000",5
,"Lower Kabete, Westlands","KSh 125,000,000",5
,"Kitisuru, Westlands","KSh 135,000,000",4
,Lavington,"KSh 42,000,000",5
,"Kitisuru, Westlands","KSh 150,000,000",5
,"01, karen, Nairobi, Karen","KSh 120,000,000",4
,"Nyari, Westlands","KSh 200,000,000",4
,"Loresho, Westlands","KSh 34,000,000",4
,Karen,"KSh 100,000,000",5
,"Ngong, Ngong Road","KSh 25,000,000",4
,Muthaiga,"KSh 600,000,000",5
,Lavington,"KSh 75,000,000",4
,Lavington,"KSh 66,000,000",4
,"Runda Mumwe, Runda, Westlands","KSh 60,000,000",4
,Lavington,"KSh 70,000,000",4
,"Off Kiambu Road, Kiambu Road","KSh 26,950,000",4
,"Kahawa Sukari, Roysambu","KSh 27,000,000",5
,"Kiambu road, Kiambu Road","KSh 57,000,000",4
,Kiambu Road,"KSh 35,000,000",3
,Lavington,"KSh 55,000,000",6
,"01, Runda, Westland, Westlands","KSh 67,000,000",4
,"Lower Kabete, Westlands","KSh 85,000,000",5
,"Joska, Kamulu Joska Malaa","KSh 8,750,000",3
,"NEMA COURT, SOUTHLANDS, Langata","KSh 17,000,000",3
,"windy ridge, Karen","KSh 75,000,000",4
,"Kitisuru, Westlands","KSh 130,000,000",5
,"Thigiri, Westlands","KSh 225,000,000",7
,Lavington,"KSh 90,000,000",5
,"Runda, Westlands","KSh 150,000,000",6
,"kahawa sukari, Kahawa Sukari, Roysambu","KSh 50,000,000",5
,"89, Runda Meadows, Runda, Westlands","KSh 70,000,000",5
,"Runda, Westlands","KSh 150,000,000",6
,"500m off Kangundo road Tarmac.Kamulu, Kangundo road, Kamulu, Kamulu Joska Malaa","KSh 6,850,000",3
,"Runda, Westlands","KSh 80,000,000",4
,"Valley Arcade, Lavington","KSh 180,000,000",4
,"Loresho, Westlands","KSh 125,000,000",4
,Utawala,"KSh 9,000,000",3
,"76, Mimosa Road, Runda, Westlands","KSh 100,000,000",5
,"67, Runda Meadows, Runda, Westlands","KSh 70,000,000",5
,"Kiambu, Kiambu Road","KSh 35,000,000",3
,"Convent, Lavington","KSh 80,000,000",4
,Ngong Road,"KSh 6,900,000",3
,"Hardy, Karen","KSh 120,000,000",5
,Langata,"KSh 19,000,000",4
,"Off James Gichuru, Lavington","KSh 68,000,000",4
,"Loresho, Westlands","KSh 165,000,000",5
,"Kirawa Rd, Kitisuru, Westlands","KSh 45,000,000",4
,"NAIVASHA, Naivasha Road","KSh 42,000,000",3
,Lavington,"KSh 85,000,000",5
,"Five Star Road, South C","KSh 20,000,000",4
,"O, Karen hills, Karen","KSh 100,000,000",5
,"Limuru Road, Runda, Westlands","KSh 70,000,000",6
,Karen Hardy,"KSh 135,000,000",6
,"Mashroom estate, Kiambu Road","KSh 75,000,000",4
,"66 d, Kitisuru Road, Kitisuru, Westlands","KSh 550,000,000",5
,"O, Banda school, Karen","KSh 93,000,000",4
,Kiambu Road,"KSh 59,500,000",4
,"Westlands, Westlands Area","KSh 31,000,000",4
,"01, lavington, Nairobi, Lavington","KSh 75,000,000",5
,Lavington,"KSh 55,000,000",5
,South C,"KSh 26,000,000",5
,"Asilia Estate, South C","KSh 21,000,000",4
,"44, Kiambu Road, Runda, Westlands","KSh 34,000,000",4
,Karen,"KSh 65,000,000",4
,"East Church Road, Westlands Area, Westlands","KSh 45,000,000",5
,"Runda, Westlands","KSh 100,000,000",4
,"Runda, Westlands","KSh 90,000,000",5
,"Old Muthaiga, Muthaiga","KSh 350,000,000",6
,Lavington,"KSh 110,000,000",5
,"Runda, Westlands","KSh 34,400,000",4
,"Bongani road, Karen","KSh 85,000,000",6
,"Runda, Westlands","KSh 150,000,000",7
,"Spring Valley, Westlands","KSh 85,000,000",4
,Lavington,"KSh 85,000,000",5
,"11, Five-star paradise, Runda, Westlands","KSh 32,000,000",4
,"Mwanzi Road, Westlands Area, Westlands","KSh 33,000,000",4
,"046, Kindaruma Road, Kilimani","KSh 10,950,000",2
,"Brookside, Westlands","KSh 75,000,000",4
,"Loresho, Westlands","KSh 150,000,000",4
,"Loresho, Westlands","KSh 120,000,000",5
,"01, lavington, Lavington","KSh 85,000,000",5
,"Lower Kabete, Westlands","KSh 9,500,000",3
,"01, garden estate, roysambu, Garden Estate, Roysambu","KSh 67,000,000",5
,"Runda Evergreen, Runda, Westlands","KSh 130,000,000",7
,"Brookside, Westlands","KSh 53,000,000",4
,Lavington,"KSh 75,000,000",5
,"O, mutero, Karen","KSh 75,000,000",5
,"Runda, Westlands","KSh 105,000,000",4
,"01, Runda, Westland, Westlands","KSh 120,000,000",5
,"Lower Kabete, Westlands","KSh 165,000,000",5
,Langata,"KSh 36,000,000",4
,Kiambu Road,"KSh 60,000,000",4
,"Runda, Westlands","KSh 180,000,000",5
,"Gravellia Grove, Spring Valley, Westlands","KSh 46,000,000",5
,"Kiambu road, Kiambu Road","KSh 30,200,000",3
,"Kiambu Road, Five Star Paradise","KSh 29,700,000",3
,"77, Kitisuru Road, Kitisuru, Westlands","KSh 570,000,000",7
,"Jacaranda, Donholm","KSh 12,500,000",3
,"Windsor, Roysambu","KSh 123,000,000",4
,"Runda, Westlands","KSh 145,000,000",3
,"Kitisuru, Westlands","KSh 26,000,000",4
,"joska, Joska, Kamulu Joska Malaa","KSh 8,150,000",3
,Kiambu Road,"KSh 50,000,000",4
,Lavington,"KSh 65,000,000",4
,"Kiambu road, Kiambu Road","KSh 33,000,000",4
,"Near Nairobi Academy, Karen","KSh 120,000,000",6
,"01, lower kabete, westland, Lower Kabete, Westlands","KSh 125,000,000",5
,Kiambu Road,"KSh 28,000,000",4
,"Waterfront Gardens, Loresho, Westlands","KSh 29,000,000",4
,"01, lavington, Lavington","KSh 70,000,000",5
,"34, Muthaiga close, Muthaiga","KSh 400,000,000",5
,"Mukoma road, Karen Hardy","KSh 65,000,000",5
,"01, Kiambu Road","KSh 32,000,000",4
,"Bustani Villas - Mombasa Road, Mombasa Road","KSh 12,000,000",3
,"01, kitisuru, westland, Kitisuru, Westlands","KSh 65,000,000",4
,"Loresho, Westlands","KSh 125,000,000",4
,Karen,"KSh 100,000,000",5
,"Kangundo Rd, Joska, Kamulu Joska Malaa","KSh 8,150,000",3
,Lavington,"KSh 54,000,000",5
,Lavington,"KSh 140,000,000",5
,Kiambu Road,"KSh 32,000,000",4
,"Eastern Bypass,Kamakis,, Thika Road","KSh 12,600,000",4
,Lavington,"KSh 75,000,000",5
,"spring valley, Spring Valley, Westlands","KSh 70,000,000",4
,"Nairobi, Camphor Road, Runda, Westlands","KSh 100,000,000",5
,Karen,"KSh 90,000,000",6
,"Loresho, Westlands","KSh 118,500,000",5
,Karen,"KSh 75,000,000",4
,South C,"KSh 24,000,000",5
,"Opposite Kist, Kiambu Road","KSh 29,000,000",4
,"mukoma, Karen","KSh 45,000,000",4
,"Fana road, Karen","KSh 67,000,000",5
,"Five Star paradise, Kiambu Road","KSh 31,950,000",4
,"01, lavington, Nairobi, Lavington","KSh 85,000,000",5
,Karen,"KSh 68,000,000",4
,"Kitisuru, Westlands","KSh 110,000,000",5
,"Rhapta Road, Westlands","KSh 40,000,000",5
,"Kuwinda Road, Karen",Price not communicated,5
,"Spring valley road, Spring Valley, Westlands","KSh 123,000,000",3
,"Kerarapon Drive, Karen","KSh 35,000,000",7
,Kiambu Road,"KSh 28,000,000",4
,Langata,"KSh 30,000,000",6
,"54, Ruaka Road, Runda, Westlands","KSh 100,000,000",5
,"Mwanzi Road, Westlands Area, Westlands","KSh 25,000,000",4
,"00104, Muthaiga rd, Muthaiga","KSh 600,000,000",5
,"Karen ololua estate, Karen","KSh 99,000,000",5
,"Ushirka road, Karen","KSh 110,000,000",5
,"Mvuli Avenue, South C","KSh 37,500,000",4
,"off Ushirika road near Hardy police station, Karen Hardy","KSh 120,000,000",5
,Karen,"KSh 80,000,000",4
,Lavington,"KSh 130,000,000",4
,"Runda, Westlands","KSh 200,000,000",5
,"Gardi, Garden Estate, Roysambu","KSh 65,000,000",5
,"Lantana Road, Westlands Area, Westlands","KSh 50,000,000",3
,"Runda mimosa, Runda, Westlands","KSh 200,000,000",7
,"The Banda school, Karen","KSh 93,000,000",4
,Karen,"KSh 65,000,000",4
,Lavington,"KSh 100,000,000",5
,Lavington,"KSh 69,000,000",4
,Lavington,"KSh 65,000,000",5
,"Quickmart Ruai, Ruai","KSh 12,500,000",4
,"NHC Madaraka Estate, Langata","KSh 8,000,000",2
,"01, karen, Nairobi, Karen","KSh 75,000,000",5
,Mombasa Road,"KSh 20,200,000",4
,Lavington,"KSh 95,000,000",5
,Lavington,"KSh 55,000,000",5
,Karen,"KSh 90,000,000",7
,"Old Muthaiga, Muthaiga","KSh 250,000,000",5
,"Westlands Area, Westlands","KSh 35,000,000",4
,Buruburu,"KSh 10,500,000",3
,"lavington, Lavington","KSh 52,000,000",5
,"Westlands area, Westlands Area, Westlands","KSh 42,000,000",5
,Lavington,"KSh 89,000,000",5
,"4, Off Thigiri ridge road, Thigiri, Westlands","KSh 120,000,000",4
,"44, Eliud Mathu, Runda, Westlands","KSh 180,000,000",9
,"Loresho, Westlands","KSh 150,000,000",5
,Lavington,"KSh 60,000,000",5
,"Off waiyaki way, Mountain view, Mountain View, Westlands","KSh 40,000,000",4
,"Loresho, Westlands","KSh 105,000,000",5
,"Rhapta Road, Westlands","KSh 38,000,000",4
,Ngumo Estate,"KSh 19,500,000",3
,"Off James Gichuru Road, Lavington","KSh 87,000,000",7
,"Karen bongani road, Karen","KSh 110,000,000",5
,"Old Muthaiga, Muthaiga","KSh 220,000,000",5
,"RIDGEWAYS, Ridgeways","KSh 85,000,000",5
,"Mwihoko, Kahawa Sukari, Roysambu","KSh 15,000,000",4
,Karen,"KSh 150,000,000",5
,"Runda Evergreen, Runda, Westlands","KSh 120,000,000",7
,"Nandi road, Karen","KSh 199,000,000",5
,Karen,"KSh 77,000,000",5
,Kileleshwa,"KSh 37,000,000",4
,"Lavington, Maziwa","KSh 26,500,000",4
,"Hillcrest road, Karen","KSh 50,000,000",4
,"Ngong, Ngong Road","KSh 21,000,000",5
,Kiambu Road,"KSh 28,500,000",4
,"Westlands, Westlands Area","KSh 65,000,000",5
,"Karura, Westlands","KSh 30,200,000",4
,Lavington,"KSh 121,000,000",6
,Kileleshwa,"KSh 68,000,000",4
,"Githeri close off Kapiti Rd, Githeri Rise Estate, South B","KSh 17,000,000",4
,South B,"KSh 28,500,000",4
,"Brookside, Westlands","KSh 45,000,000",5
,Lavington,"KSh 65,000,000",5
,"Duom Palm Street, Runda, Westlands","KSh 100,000,000",5
,"runda, Runda, Westlands","KSh 98,000,000",5
,"O, Karen","KSh 190,000,000",6
,"Greenspan Estate, Donholm","KSh 16,000,000",3
,"Bomas of kenya, Karen","KSh 135,000,000",5
,"01, karen, Karen","KSh 70,000,000",5
,Langata,"KSh 25,000,000",5
,"Olkeri, Ngong Road","KSh 16,500,000",4
,"Runda, Westlands","KSh 42,000,000",4
,"Greenfields estate, Donholm","KSh 10,500,000",4
,"Runda Paridise Lost Kiambu Road, Runda, Westlands","KSh 31,500,000",4
,"Five Star paradise, Kiambu Road","KSh 52,950,000",4
,"66, Kinanda Road, Kitisuru, Westlands","KSh 120,000,000",6
,Kileleshwa,"KSh 65,000,000",4
,Lavington,"KSh 175,000,000",4
,"Runda Nairobi, Runda, Westlands","KSh 150,000,000",5
,Lavington,"KSh 121,000,000",6
,Karen Hardy,"KSh 107,000,000",6
,"Windy Ridge, Karen","KSh 55,000,000",4
,"Finpark Ruai, Ruai","KSh 9,950,000",4
,"56, Runda Evergreen, Runda, Westlands","KSh 110,000,000",5
,"Hardy ushirka road, Karen","KSh 110,000,000",5
,"Kamulu Center, Kangundo road, Kamulu, Kamulu Joska Malaa","KSh 6,849,000",3
,"Brookside Drive, Brookside, Westlands","KSh 78,000,000",5
,"Brookside, Westlands","KSh 49,000,000",4
,"Kitisuru, Westlands","KSh 150,000,000",6
,"22, Lower kabete Road, Lower Kabete, Westlands","KSh 85,000,000",5
,Lavington,"KSh 75,000,000",5
,"Loresho, Westlands","KSh 40,000,000",4
,"Kibo Lane, Karen","KSh 220,863,379",5
,Karen,"KSh 65,000,000",4
,"lavington, Lavington","KSh 50,000,000",4
,Lavington,"KSh 95,000,000",5
,"lavington, Lavington","KSh 140,000,000",5
,"Muthaiga north, Muthaiga","KSh 58,000,000",5
,"Kitisuru, Westlands","KSh 128,000,000",6
,"x, runda, Runda, Westlands","KSh 88,000,000",4
,Lavington,"KSh 68,000,000",4
,"O, mukoma road, Karen Hardy","KSh 65,000,000",4
,"Windsor, Roysambu","KSh 59,000,000",4
,Karen,"KSh 180,000,000",6
,Lavington,"KSh 55,000,000",5
,"Kitisuru, Westlands","KSh 55,000,000",4
,"Kibiko, Ngong Road","KSh 30,000,000",4
,Kiambu Road,"KSh 35,000,000",4
,"Shanzu Road, Spring Valley, Westlands","KSh 85,000,000",5
,"O, Banda school, Karen","KSh 93,000,000",4
,Kiambu Road,"KSh 36,000,000",4
,"Kitisuru, Westlands","KSh 48,000,000",5
,Lavington,"KSh 65,000,000",5
,"Gigiri, Westlands","KSh 275,000,000",5
,"Flame Tree, Runda, Westlands","KSh 95,000,000",4
,"Off bogani road, Karen","KSh 270,000,000",5
,Kiambu Road,"KSh 44,500,000",4
,"Kitisuru, Westlands","KSh 85,000,000",5
,South C,"KSh 22,000,000",4
,"Ngecha rd, Kitisuru, Westlands","KSh 128,000,000",5
,"01, karen, Nairobi, Karen","KSh 50,000,000",4
,"Lavighton, Lavington","KSh 121,000,000",6
,"99, Lower Kabete Road, Lower Kabete, Westlands","KSh 150,000,000",5
,Ngong Road,"KSh 50,000,000",5
,"Redhill road Rosslyn, Rosslyn, Westlands","KSh 100,000,000",4
,"Convent Road, Lavington","KSh 70,000,000",5
,Kileleshwa,"KSh 350,000,000",4
,Langata,"KSh 39,500,000",4
,"Muthaiga North, Muthaiga","KSh 60,000,000",5
,Kiambu Road,"KSh 35,000,000",4
,Kileleshwa,"KSh 27,000,000",4
,"Runda, Westlands","KSh 32,000,000",4
,"lavington, Lavington","KSh 50,000,000",5
,"Joska, Kamulu Joska Malaa","KSh 7,000,000",3
,"01, Kiambu Road, Runda","KSh 85,000,000",5
,"Mkoma road, Karen","KSh 90,000,000",6
,"Westlands Area, Westlands","KSh 45,000,000",5
,Karen,"KSh 75,000,000",5
,Lavington,"KSh 65,000,000",4
,"Runda, Westlands","KSh 250,000,000",7
,"Lantana Road, Westlands Area, Westlands","KSh 60,000,000",5
,"Four Ways, Kiambu Road","KSh 26,000,000",3
,"Karen hardy, Karen","KSh 110,000,000",6
,Lavington,"KSh 60,000,000",5
,Langata,"KSh 16,000,000",3
,"Westlands Area, Westlands","KSh 38,000,000",4
,"Njumbi Rd Lavington, Lavington","KSh 75,000,000",4
,"Kiambu road, Kiambu Road","KSh 40,000,000",4
,Lavington,"KSh 50,000,000",5
,"Kangundo Road, Joska, Kamulu Joska Malaa","KSh 8,150,000",3
,Lavington,"KSh 83,000,000",5
,"O, Karen THREE DE ROAD, Karen","KSh 75,000,000",4
,"PHASE 5, Buruburu","KSh 13,000,000",45
,"Runda, Westlands","KSh 160,000,000",8
,Lavington,"KSh 60,000,000",4
,"gigiri, Gigiri, Westlands","KSh 170,000,000",5
,Kiambu Road,"KSh 32,000,000",4
,"Nandi road, Karen","KSh 95,000,000",5
,Ruai,"KSh 17,000,000",4
,"67, Flem Tree, Runda, Westlands","KSh 180,000,000",5
,"Kitisuru, Westlands","KSh 720,000,000",7
,South C,"KSh 100,000,000",6
,"Joska, Kamulu, Kamulu Joska Malaa","KSh 7,500,000",3
,Lavington,"KSh 135,000,000",5
,"Kitisuru, Westlands","KSh 11,500,000",3
,Kileleshwa,"KSh 270,000,000",5
,"Runda, Westlands","KSh 50,000,000",4
,"Loresho, Westlands","KSh 150,000,000",5
,"New Kitisuru, Kitisuru, Westlands","KSh 82,000,000",6
,"Garden Estate, Roysambu","KSh 59,000,000",5
,"01, kitisuru, westland, Kitisuru, Westlands","KSh 130,000,000",5
,"Nyari Estate, Nyari, Westlands","KSh 110,000,000",6
,Lavington,"KSh 65,000,000",4
,"O, Bongani road, Karen","KSh 88,000,000",4
,Karen,"KSh 135,000,000",10
,Lavington,"KSh 121,000,000",6
,Lavington,"KSh 68,000,000",4
,"Runda, Westlands","KSh 88,000,000",4
,Kiambu Road,"KSh 53,000,000",4
,Kiambu Road,"KSh 52,000,000",4
,"Loresho, Westlands","KSh 120,000,000",5
,"Sabaki Estate, Mombasa Road","KSh 13,500,000",3
,"Kitisuru, Westlands","KSh 333,000,000",5
,Lavington,"KSh 65,000,000",4
,"O, Langata south road, Karen","KSh 95,000,000",5
,Kiambu Road,"KSh 30,000,000",4
,Kilimani,"KSh 65,000,000",3
,"1011/1015p, Kilimani, Denis Prit Road.","KSh 6,900,000",1
,"78, Runda Meadows, Runda, Westlands","KSh 70,000,000",5
,"Kitisuru, Westlands","KSh 130,000,000",5
,Lavington,"KSh 142,000,000",5
,"Ndumboini, Uthiru","KSh 18,000,000",3
,Kiambu Road,"KSh 28,000,000",4
,"Grevillea Grove, Brookside, Westlands","KSh 55,000,000",4
,"Bukani Rd, Nairobi West","KSh 15,000,000",3
,Karen,"KSh 110,000,000",5
,"Westlands Area, Westlands","KSh 59,500,000",5
,"Loresho Ridge, Loresho, Westlands","KSh 42,000,000",4
,"O, Karen plain, Karen","KSh 75,000,000",5
,"Convent Drive, Lavington, Nairobi","KSh 70,000,000",5
,"Spring Valley, Westlands","KSh 49,000,000",4
,"Ushirka road, Karen","KSh 110,000,000",5
,Kiambu Road,"KSh 25,000,000",3
,"O, Karen hardy, Karen","KSh 110,000,000",6
,"O, Karen plain, Karen","KSh 75,000,000",5
,"N/A, Off Peponi Rd, Westlands Area, Westlands","KSh 68,500,000",5
,"Matundu lane, Westlands Area, Westlands","KSh 45,000,000",3
,"lavington, Lavington","KSh 55,000,000",5
,"Balozi Estate, Muthaiga","KSh 27,000,000",4
,"Gigiri crescent, Gigiri, Westlands","KSh 140,000,000",6
,Ngumo Estate,"KSh 19,000,000",4
,"Convent, Lavington","KSh 59,000,000",4
,"O, Magiwa ESTATE, Ngumo Estate","KSh 15,500,000",3
,"Maziwa, Lavington Green, Lavington","KSh 140,000,000",6
,"Mimosa Road, Runda, Westlands","KSh 150,000,000",5
,Muthaiga,Price not communicated,4
,"Uhuru Gardens Estate, Langata","KSh 16,000,000",3
,"Lower Kabete, Westlands","KSh 150,000,000",5
,"Loresho, Westlands","KSh 35,000,000",4
,Komarock,"KSh 14,000,000",4
,"Spring Valley, Westlands","KSh 50,000,000",5
,"chaalbi drive, Lavington","KSh 65,000,000",4
,"Lavington Green, Lavington","KSh 42,000,000",5
,Kileleshwa,"KSh 35,000,000",5
,"01, loresho, westland, Loresho, Westlands","KSh 150,000,000",5
,Karen,"KSh 75,000,000",4
,Lavington,"KSh 50,000,000",4
,"54, Flem Tree, Runda, Westlands","KSh 115,000,000",5
,Lavington,"KSh 88,000,000",6
,Lavington,"KSh 65,000,000",4
,Buruburu,"KSh 10,700,000",3
,"Oloolua Karen, Karen","KSh 99,000,000",5
,"Kitisuru, Westlands","KSh 150,000,000",6
,"kilimani, Kilimani","KSh 23,000,000",3
,"Runda, Westlands","KSh 40,000,000",3
,"O, Langata south road, Karen","KSh 85,000,000",5
,"Loresho, Westlands","KSh 45,000,000",4
,"Waiyaki way, Westlands Area, Westlands","KSh 42,000,000",4
,"Migaa golf Estate, Kiambu Road","KSh 28,000,000",4
,"Rosslyn, Westlands",Price not communicated,5
,"Runda, Westlands","KSh 250,000,000",7
,"Runda Evergreen, Runda, Westlands","KSh 100,000,000",4
,Kiambu Road,"KSh 30,000,000",4
,"Brookside, Westlands","KSh 49,000,000",4
,Lavington,"KSh 95,000,000",4
,Kiambu Road,"KSh 40,000,000",4
,"Ndenge road, Karen","KSh 130,000,000",6
,"Hardy, Karen","KSh 115,000,000",5
,"Rhapta Road, Westlands Area, Westlands","KSh 35,000,000",4
,"O, Karen","KSh 75,000,000",4
,"Westlands Area, Westlands","KSh 40,000,000",5
,Lavington,"KSh 65,000,000",4
,"O, Karen area, Karen","KSh 190,000,000",7
,"Near Bandari Villas, South C","KSh 27,000,000",3
,Kiambu Road,"KSh 80,000,000",3
,Lavington,"KSh 85,000,000",5
,"Oloitokitok road, Kileleshwa, Nairobi","KSh 37,000,000",4
,Kiambu Road,"KSh 75,000,000",3
,"Runda, Westlands","KSh 180,000,000",6
,"Mountain View, Westlands","KSh 65,000,000",5
,Lavington,"KSh 50,000,000",5
,Muthaiga,"KSh 160,000,000",5
,"Runda paradise, Runda, Westlands","KSh 88,000,000",4
,"mukokoa court, Komarock","KSh 9,000,000",5
,Buruburu,"KSh 12,500,000",3
,Lavington,"KSh 60,000,000",6
,"Muthaiga north, Muthaiga","KSh 35,000,000",4
,"lavington, Lavington","KSh 150,000,000",6
,"Lower Kabete, Westlands","KSh 160,000,000",5
,"Runda, Westlands","KSh 67,000,000",5
,Lavington,"KSh 55,000,000",5
,Lavington,"KSh 121,000,000",5
,Embakasi,"KSh 11,000,000",4
,"Red Hill Drive, Nyari, Westlands","KSh 115,000,000",5
,"Brookside Drive, Westlands Area, Westlands","KSh 56,000,000",4
,"Karen hardy, Karen Hardy","KSh 110,000,000",5
,"Brookside, Westlands","KSh 40,000,000",4
,"Nairobi, Kyuna, Westlands","KSh 85,000,000",4
,Kiambu Road,"KSh 29,000,000",4
,Lavington,"KSh 50,000,000",5
,Karen,"KSh 150,000,000",5
,"x, gigiri, Gigiri, Westlands","KSh 150,000,000",6
,Lavington,"KSh 180,000,000",5
,Kiambu Road,"KSh 29,000,000",4
,"01, Runda, Westlands","KSh 99,000,000",5
,"Muthaiga Road, Old Muthaiga, Nairobi, Muthaiga","KSh 170,000,000",4
,Langata,"KSh 15,000,000",4
,"Chalbi Drive, Lavington","KSh 66,000,000",4
,Karen,"KSh 150,000,000",5
,"Runda, Westlands","KSh 70,000,000",5
,"Gigiri estate, Gigiri, Westlands","KSh 110,000,000",5
,"Bongani road, Karen","KSh 270,000,000",5
,Ridgeways,"KSh 145,000,000",6
,"Lavighton, Lavington","KSh 121,000,000",4
,"Runda, Westlands","KSh 150,000,000",5
,"Westlands Area, Westlands","KSh 35,000,000",4
,"Malewa Rd 2, Komarock","KSh 18,000,000",42
,"01, lavington, Lavington","KSh 92,000,000",5
,"43, Runda Paradise, Runda, Westlands","KSh 32,000,000",4
,Lavington,"KSh 150,000,000",5
,"Lower Kabete, Westlands","KSh 185,000,000",5
,Kiambu Road,"KSh 32,000,000",4
,"55, Runda Grove, Runda, Westlands","KSh 150,000,000",6
,Karen,"KSh 65,000,000",4
,Karen,"KSh 140,000,000",5
,Kilimani,"KSh 49,000,000",5
,"Runda, Westlands","KSh 32,000,000",4
,Kiambu Road,"KSh 43,000,000",3
,"Spring Valley, Westlands",Price not communicated,4
,"Runda, Westlands","KSh 250,000,000",5
,"South c Estate Nairobi, South C estate Nairobi, South C","KSh 21,950,000",4
,"Forest view, Karen","KSh 125,000,000",7
,"Rhapta Road, Westlands","KSh 48,000,000",5
,"Karura, Westlands","KSh 85,000,000",4
,Lavington,"KSh 64,000,000",5
,"303, lavington, Lavington","KSh 66,000,000",5
,"Runda, Westlands","KSh 90,000,000",5
,"Runda, Westlands","KSh 120,000,000",5
,"Ring road, Westlands Area, Westlands","KSh 150,000,000",4
,"Apple Cross Road, Lavington","KSh 110,000,000",6
,"Kitisuru, Westlands","KSh 30,000,000",4
,"Imara daima, Imara Daima","KSh 14,500,000",4
,"General Mathenge, Westlands","KSh 55,000,000",5
,"Kitisuru, Westlands","KSh 135,000,000",4
,Kileleshwa,"KSh 28,500,000",6
,"Off Convent Road, Lavington","KSh 85,000,000",5
,"01, karen, Nairobi, Karen","KSh 85,000,000",4
,"O, Kabete, Lower Kabete, Westlands","KSh 130,000,000",5
,"Mukoma road, Karen","KSh 85,000,000",4
,Lavington,"KSh 55,000,000",5
,"77, Muthaiga Road, Muthaiga","KSh 400,000,000",5
,"45, Paradise Lost, Runda, Westlands","KSh 85,000,000",4
,Ngumo Estate,"KSh 16,000,000",3
,"General Mathenge, Westlands","KSh 55,000,000",4
,"12, spring valley, Spring Valley, Westlands","KSh 200,000,000",8
,"Karen fair acres, Karen","KSh 67,000,000",5
,"Runda, Westlands","KSh 130,000,000",4
,"Grivelia grove westland, Westlands Area, Westlands","KSh 60,000,000",4
,Karen,"KSh 85,000,000",4
,"55, Flem Tree Runda, Runda, Westlands","KSh 115,000,000",5
,"009, Runda Road, Runda, Westlands","KSh 220,000,000",10
,Langata,"KSh 16,000,000",3
,Karen,"KSh 165,000,000",7
,Kiambu Road,"KSh 45,000,000",3
,"01, kitisuru, westland, Kitisuru, Westlands","KSh 150,000,000",5
,"Runda Waters, Runda, Westlands","KSh 85,000,000",5
,"01, runda, Westland, Runda, Westlands","KSh 130,000,000",4
,"Runda, Kiambu Road","KSh 100,000,000",3
,Kiambu Road,"KSh 20,295,000",3
,"67, Lower kabete Road, Spring Valley, Westlands","KSh 47,000,000",4
,Lavington,"KSh 60,000,000",4
,Lavington,Price not communicated,5
,"Kuro road, Karen Hardy","KSh 67,000,000",7
,"Lower kabete, Lower Kabete, Westlands","KSh 165,000,000",5
,"Lavington Green, Lavington","KSh 50,000,000",5
,"Muthaiga Close, Muthaiga","KSh 200,000",6
,Lavington,"KSh 150,000,000",4
,"amboseli road, Lavington","KSh 60,000,000",5
,"Lower Kabete Road, Lower Kabete, Westlands","KSh 100,000,000",5
,"Waiyaki Way, Westlands","KSh 35,000,000",4
,"Five Star paradise, Kiambu Road","KSh 42,950,000",4
,South C,"KSh 11,700,000",3
,"Karen mutero road, Karen","KSh 65,000,000",5
,"Brookside, Westlands","KSh 42,000,000",4
,"Quickmart Ruai, Ruai","KSh 9,950,000",4
,"01, karen, Nairobi, Karen","KSh 120,000,000",5
,"Runda, Westlands","KSh 160,000,000",6
,"Kitisuru, Westlands","KSh 62,000,000",6
,"10, Galleria, Karen","KSh 65,000,000",6
,"O, Karen","KSh 135,000,000",6
,Lavington,"KSh 53,000,000",5
,Muthaiga,"KSh 158,145,000",4
,"Kahawa Sukari, Kahawa sukari, Roysambu","KSh 39,900,000",10
,"O, Hillcrest road, Karen","KSh 50,000,000",4
,"Magnolia estate, Kitisuru, Westlands","KSh 220,000,000",5
,Langata,"KSh 28,000,000",3
,"Nyari, Westlands","KSh 150,000,000",5
,"Lower Kabete, Westlands","KSh 190,000,000",5
,Lavington,"KSh 45,000,000",4
,"Maziwa, Lavington","KSh 40,000,000",5
,"Windsor Thindigwa Kiambu, Windsor, Roysambu","KSh 29,850,000",5
,"01, Runda, Westland, Westlands","KSh 85,000,000",5
,"01, Kiambu Road, Runda","KSh 50,000,000",4
,"Coffee Garden Estate, Muthaiga","KSh 115,000,000",4
,"Kitisuru, Westlands","KSh 125,000,000",6
,Lavington,"KSh 110,000,000",6
,"Sabaki, Mombasa Road","KSh 15,000,000",4
,"EDENVILLE ESTATE PHASE 1, Kiambu Road","KSh 34,000,000",41
,Karen,"KSh 70,000,000",5
,"01, Runda, Westland, Westlands","KSh 80,000,000",4
,"Kamakis, Thika Road","KSh 8,500,000",3
,"O, Karen bomas of kenya, Karen","KSh 150,000,000",5
,"01, kitisuru, westland, Kitisuru, Westlands","KSh 130,000,000",5
,"Riverside, Westlands","KSh 75,000,000",5
,"Runda, Westlands","KSh 75,000,000",5
,Ngumo Estate,"KSh 19,000,000",3
,"01, lavington, Nairobi, Lavington","KSh 100,000,000",5
,Langata,"KSh 36,000,000",4
,"Runda, Westlands","KSh 96,000,000",4
,"Runda, Westlands","KSh 115,000,000",5
,"01, lavington, Lavington","KSh 65,000,000",5
,Kiambu Road,"KSh 35,000,000",3
,Mombasa Road,"KSh 12,500,000",3
,Lavington,"KSh 65,000,000",5
,Kileleshwa,"KSh 30,000,000",3
,"Thigiri, Westlands","KSh 120,000,000",4
,"Runda, Westlands","KSh 50,000,000",4
,"Runda, Westlands","KSh 150,000,000",6
,Kilimani,"KSh 55,000,000",4
,"Runda, Westlands","KSh 138,000,000",3
,"Juja Town, Thika Road","KSh 6,900,000",3
,Kileleshwa,"KSh 34,000,000",4
,Lavington,"KSh 67,000,000",4
,"Kahawa Sukari, Roysambu","KSh 44,500,000",5
,Lavington,"KSh 63,000,000",5
,Lavington,"KSh 68,000,000",4
,"Muthaiga North, Muthaiga","KSh 65,000,000",6
,Kiambu Road,"KSh 32,000,000",4
,"Mugoya estate, South C","KSh 18,500,000",4
,"Brookside, Westlands","KSh 55,000,000",5
,Lavington,"KSh 75,000,000",5
,"Runda, Westlands","KSh 160,000,000",6
,"101, karen, Karen","KSh 150,000,000",5
,"01, Runda, Westland, Westlands","KSh 155,000,000",5
,"Thigiri, Westlands","KSh 125,000,000",4
,Karen,"KSh 180,000,000",4
,Lavington,"KSh 100,000,000",5
,"Parklands, Westlands","KSh 36,500,000",4
,"Runda Off Kiambu Rd, Kiambu Road","KSh 38,400,000",3
,"MIMOSA, Runda, Westlands","KSh 100,000,000",5
,"Kangunndo Road, Joska, Kamulu Joska Malaa","KSh 7,700,000",3
,"Riverside Drive, Riverside, Westlands","KSh 47,000,000",5
,"Kirichwa Road, Kilimani","KSh 50,000,000",3
,"Muthaiga North, Muthaiga","KSh 36,000,000",4
,"Garden Estate, Roysambu","KSh 65,000,000",4
,"Karen , galleria, Karen","KSh 75,000,000",5
,"O, Karen","KSh 99,000,000",5
,Lavington,"KSh 85,000,000",4
,"900, Runda Road, Runda, Westlands","KSh 170,000,000",5
,"Mashroom Road, Kiambu Road","KSh 70,000,000",6
,"Parklands, Westlands",Price not communicated,4
,"lavington, Lavington","KSh 87,000,000",5
,"Parklands, Westlands","KSh 34,000,000",4
,"Karura, Westlands","KSh 85,000,000",5
,"Kigwa Ridge, Nairobi, Ridgeways","KSh 125,000,000",4
,"Spring Valley, Westlands","KSh 170,000,000",5
,"lavington, Lavington","KSh 120,000,000",6
,Kiambu Road,"KSh 24,000,000",4
,"01, kitisuru, Kitisuru, Westlands","KSh 55,000,000",4
,"Nairobi, Peponi Road, Westlands Area, Westlands","KSh 65,000,000",5
,"Kitisuru, Westlands","KSh 180,000,000",7
,"Rhapta Road, Westlands","KSh 37,000,000",4
,Lavington,"KSh 121,000,000",6
,South C,"KSh 22,500,000",4
,Muthaiga,"KSh 75,000,000",5
,"Kangundo road, Joska, Kamulu Joska Malaa","KSh 7,900,000",3
,"Ndenge road, Karen","KSh 130,000,000",6
,"Westlands Area, Westlands","KSh 70,000,000",5
,"Nandi road, Karen","KSh 200,000,000",5
,Lavington,"KSh 66,000,000",5
,"01, ridgeways, Nairobi, Ridgeways","KSh 70,000,000",4
,"01, karen, Nairobi, Karen","KSh 99,000,000",5
,"Runda, Westlands","KSh 130,000,000",7
,Lavington,"KSh 55,000,000",5
,"1, Mtoni road,Kamulu center, Kamulu, Kamulu Joska Malaa","KSh 6,850,000",3
,Kiambu Road,"KSh 23,000,000",4
,Ngumo Estate,"KSh 21,000,000",4
,Ngong Road,"KSh 30,000,000",5
,Lavington,Price not communicated,5
,Lavington,"KSh 79,000,000",4
,Kiambu Road,"KSh 30,000,000",4
,Kileleshwa,"KSh 48,000,000",5
,Karen,"KSh 85,000,000",4
,"Runda, Westlands","KSh 250,000,000",5
,"Nyari central Nairobi, Nyari, Westlands","KSh 130,000,000",5
,"Karen Kikeni road, Karen","KSh 47,000,000",4
,Kiambu Road,"KSh 28,000,000",4
,"chalbi drive, Lavington","KSh 65,000,000",4
,"Karen near shopping centre, Karen","KSh 130,000,000",6
,Lavington,"KSh 60,000,000",5
,"Eden Ville Estate, Kiambu Road","KSh 28,500,000",4
,"Lower Kabete, Nairobi, Westlands","KSh 160,000,000",5
,Kiambu Road,"KSh 20,295,000",3
,"Runda, Westlands","KSh 140,000,000",7
,Kiambu Road,"KSh 29,000,000",4
,Langata,"KSh 41,000,000",4
,"Runda, Westlands","KSh 55,000,000",5
,Kiambu Road,"KSh 40,750,000",4
,"01, lower kabete, westland, Lower Kabete, Westlands","KSh 95,000,000",5
,Kiambu Road,"KSh 30,200,000",4
,Lavington,"KSh 115,000,000",5
,Lavington,"KSh 68,000,000",4
,Karen,"KSh 75,000,000",4
,Muthaiga,"KSh 230,000,000",4
,"Loresho, Westlands","KSh 35,000,000",4
,"Kiambu road, Runda, Westlands","KSh 45,000,000",4
,Lavington,"KSh 67,000,000",4
,"Brookside, Westlands","KSh 48,000,000",4
,"Serene Spring Valley, Spring Valley, Westlands","KSh 95,000,000",4
,"Miotoni, Karen",Price not communicated,5
,Lavington,"KSh 185,000,000",4
,"Garden Estate, Roysambu","KSh 55,000,000",4
,"O, Karen ridge road, Karen","KSh 60,000,000",4
,"Kangundo Road, Ruai","KSh 9,950,000",4
,"Rhapta Road, Westlands","KSh 35,000,000",4
,"Loresho, Westlands","KSh 38,000,000",4
,"x, lower kabete, Lower Kabete, Westlands","KSh 155,000,000",5
,"01, karen, Karen","KSh 75,000,000",5
,Ridgeways,"KSh 80,000,000",5
,"Ushirka road, Karen Hardy","KSh 110,000,000",5
,Lavington,"KSh 46,750,000",4
,"Riverside, Westlands","KSh 55,000,000",5
,"Near LAVINGTON shopping centre, Lavington","KSh 75,000,000",5
,"Nyari, Westlands","KSh 210,000,000",4
,Langata,"KSh 17,000,000",4
,"Runda, Westlands","KSh 70,000,000",4
,"Murichu Road, Karen","KSh 69,000,000",4
,Kiambu Road,"KSh 37,000,000",4
,"Lower Kabete Road, Lower Kabete, Westlands","KSh 85,000,000",3
,Lavington,"KSh 53,000,000",5
,"Runda, Westlands","KSh 90,000,000",5
,"lavington, Lavington","KSh 100,000,000",4
,"O, Bongani road, Karen","KSh 100,000,000",7
,Karen,"KSh 83,000,000",5
,"EDENVILLE, Kiambu Road","KSh 25,000,000",3
,"Runda, Westlands","KSh 250,000,000",5
,"Three de lane, Karen","KSh 75,000,000",4
,Lavington,"KSh 43,000,000",5
,"Runda, Evergreen, Westlands","KSh 133,000,000",7
,"Thigiri, Westlands","KSh 140,000,000",4
,"89, Faith Avenue, Runda, Westlands","KSh 150,000,000",5
,"karaja road, Karen","KSh 95,000,000",5
,"O, miotoni road, Karen","KSh 95,000,000",5
,Karen,Price not communicated,6
,"south c, Mombasa Road","KSh 35,000,000",3
,"Westlands, Westlands Area","KSh 50,000,000",4
,"Muthaiga north, Muthaiga","KSh 65,000,000",5
,"O, Kcb Karen, Karen","KSh 67,000,000",4
,Ngong Road,"KSh 14,500,000",4
,"Amboseli, Lavington","KSh 58,000,000",5
,"01, lavington, Nairobi, Lavington","KSh 95,000,000",5
,South C,"KSh 20,900,000",4
,Lavington,"KSh 125,000,000",6
,Kileleshwa,"KSh 45,000,000",3
,"Muthaiga North, Muthaiga","KSh 75,000,000",5
,"Lavington Green, Lavington","KSh 68,000,000",4
,Lavington,"KSh 50,000,000",5
,"O, Karen ololua, Karen","KSh 95,000,000",5
,Lavington,"KSh 68,000,000",4
,Lavington,"KSh 60,000,000",5
,Kiambu Road,"KSh 38,000,000",4
,"New Kitisuru, Kitisuru, Westlands","KSh 80,000,000",4
,"Runda, Westlands","KSh 55,000,000",4
,"01, Kitisuru,, Kitisuru, Westlands","KSh 130,000,000",6
,"Njathaini Road, Kiambu Road","KSh 28,000,000",4
,"Thigiri, Westlands","KSh 170,000,000",5
,Karen,"KSh 180,000,000",5
,Muthaiga,"KSh 100,000,000",4
,"Spring Valley, Westlands","KSh 50,000,000",4
,"Kirarapon, Karen","KSh 45,000,000",4
,"MB, Lavington","KSh 90,000,000",5
,"Spring Valley, Westlands","KSh 70,000,000",4
,"Kitisuru, Westlands","KSh 315,000,000",5
,"Runda, Westlands","KSh 140,000,000",7
,"Rosslyn, Westlands","KSh 180,000,000",9
,"Donyo Sabuk, Westlands Area, Westlands","KSh 56,500,000",5
,Lavington,"KSh 50,000,000",5
,"Kitisuru, Westlands","KSh 180,000,000",7
,"Runda, Westlands","KSh 250,000,000",5
,"Dennis Pritt/State House Road, State House","KSh 75,000,000",4
,Lavington,"KSh 70,000,000",4
,"Lang'ata Nairobi, Langata","KSh 27,000,000",4
,Lavington,"KSh 58,000,000",5
,"galana road, Kilimani","KSh 40,000,000",5
,"Lower Kabete, Westlands","KSh 180,000,000",5
,"99, Lower Kabete, Westlands","KSh 125,000,000",5
,"gitanga road, Gitanga road, Lavington","KSh 25,000,000",0
,"Runda, Westlands","KSh 90,000,000",4
,"Loresho, Westlands","KSh 85,000,000",4
,Lavington,"KSh 160,000,000",4
,"ololua Ridge, Karen","KSh 95,000,000",5
,Lavington,Price not communicated,5
,Karen,"KSh 85,000,000",4
,Karen,"KSh 75,000,000",4
,"Miotoni West Road, Karen","KSh 245,403,755",5
,Lavington,"KSh 50,000,000",5
,Lavington,"KSh 50,000,000",4
,"Kiambu Town Near Nova Park Hotel, Kiambu Road","KSh 20,500,000",4
,Langata,"KSh 29,000,000",4
,"Rosslyn, Westlands","KSh 90,000,000",6
,Lavington,"KSh 95,000,000",5
,Muthaiga,"KSh 120,000,000",5
,"Lower kabete road, Nairobi, Lower Kabete, Westlands","KSh 145,000,000",5
,"1023n, within Baraka Estate, Embakasi., Embakasi","KSh 14,000,000",3
,"Loresho, Westlands","KSh 60,000,000",4
,"Five star Paradise, Kiambu Road","KSh 32,200,000",4
,Lavington,"KSh 145,000,000",4
,Langata,"KSh 30,000,000",4
,"Brookside, Westlands","KSh 55,000,000",4
,Lavington,"KSh 53,000,000",5
,"Ushirika Road, Karen","KSh 127,357,400",5
,Kiambu Road,"KSh 27,500,000",4
,"Westlands Area, Westlands","KSh 60,000,000",5
,"55, Whispers Venue, Gigiri, Westlands","KSh 200,000,000",5
,"45, Eldama park, General Mathenge, Westlands","KSh 70,000,000",5
,Kiambu Road,"KSh 24,500,000",4
,"Munderendu Road, Langata","KSh 145,000,000",5
,Karen,"KSh 135,000,000",5
,"Runda, Westlands","KSh 100,000,000",5
,Lavington,"KSh 65,000,000",5
,"Runda, Westlands","KSh 110,000,000",5
,"Spring Valley, Westlands","KSh 105,000,000",5
,South C,"KSh 18,500,000",3
,"Runda, Westlands","KSh 135,000,000",4
,Lavington,"KSh 68,000,000",4
,Lavington,"KSh 75,000,000",4
,"Westlands, Westlands Area","KSh 39,000,000",4
,Lavington,"KSh 50,000,000",5
,"langata road, Langata","KSh 18,500,000",4
,"Runda, Westlands","KSh 88,000,000",4
,Lavington,"KSh 75,000,000",4
,Kiambu Road,"KSh 36,999,998",3
,Lavington,"KSh 55,000,000",5
,"Fourways Junction Estate, Kiambu Road","KSh 25,000,000",3
,Lavington,"KSh 80,000,000",5
,Langata,"KSh 43,000,000",4
,Thika Road,"KSh 27,000,000",4
,"Loresho, Westlands","KSh 30,800,000",4
,"O, Kiambu, Kiambu Road","KSh 35,000,000",5
,"Westlands Area, Westlands","KSh 50,000,000",5
,"Manyani East road, Lavington, Nairobi","KSh 150,000,000",6
,"Matasia, Ngong Road","KSh 6,500,000",3
,"O, Harambee Sacco, Donholm","KSh 13,000,000",6
,"Amboseli road, Lavington","KSh 55,000,000",5
,"Malaa, Joska, Kamulu Joska Malaa","KSh 5,900,000",3
,"Kyuna, Westlands","KSh 55,000,000",4
,"Runda, Westlands","KSh 130,000,000",5
,Kiambu Road,"KSh 60,000,000",5
,"01, Runda, Westland, Westlands","KSh 130,000,000",5
,"Lower Kabete, Westlands","KSh 110,000,000",5
,"Mimosa Road, Runda, Westlands",Price not communicated,5
,Karen,"KSh 100,000,000",5
,"Spring valley, Spring Valley, Westlands","KSh 120,000,000",4
,Karen,"KSh 120,000,000",5
,"Tecla Leroupe rd, Villa Franca, Imara Daima","KSh 12,000,000",3
,"67, Runda Road, Runda, Westlands","KSh 115,000,000",5
,Thika Road,"KSh 16,000,000",4
,"Runda, Westlands","KSh 140,000,000",7
,"01, Syokimau, Mombasa Road","KSh 17,000,000",4
,"Kitisuru, Westlands","KSh 120,000,000",6
,"Karen Masai west, Karen","KSh 75,000,000",4
,"Mokoyeti road, Karen","KSh 75,000,000",5
,"Evergreen, Runda, Westlands","KSh 140,000,000",7
,Langata,"KSh 40,000,000",4
,Kiambu Road,"KSh 28,000,000",4
,"01, karen, Nairobi, Karen","KSh 130,000,000",5
,"Kabaserian, Lavington","KSh 60,000,000",4
,"Runda, Westlands","KSh 80,000,000",6
,"Runda, Westlands","KSh 80,000,000",4
,"Kangundo Road, Ruai","KSh 12,500,000",4
,"Kaputei, Lavington","KSh 60,000,000",5
,"67, Mimosa Road, Runda, Westlands","KSh 100,000,000",5
,"01, karen, Nairobi, Karen","KSh 70,000,000",4
,"Runda, Westlands","KSh 65,000,000",4
,"Northern Bypass, Thome, Roysambu","KSh 55,000,000",4
,Lavington,"KSh 68,000,000",4
,"Garden Estate, Roysambu","KSh 59,000,000",5
,"Bongani road, Karen","KSh 85,000,000",6
,Buruburu,"KSh 9,200,000",3
,"Runda, Westlands","KSh 62,000,000",5
,Kileleshwa,"KSh 45,000,000",5
,Karen,"KSh 200,000,000",5
,"Nyari Central barrier one, Nyari, Westlands","KSh 200,000,000",4
,Lavington,"KSh 82,000,000",6
,Lavington,"KSh 140,000,000",5
,"4, Benin Dr, Runda, Westlands","KSh 180,000,000",7
,"Kinyatta road, Thika Road","KSh 32,000,000",4
,"Kiambu road, Kiambu Road","KSh 45,000,000",4
,"Maziwa, Lavington Green, Lavington","KSh 75,000,000",4
,"kahawa sukari, Kahawa Sukari, Roysambu","KSh 55,000,000",6
,Muthaiga,"KSh 350,000,000",6
,"67, Kinanda Road, Kitisuru, Westlands","KSh 120,000,000",6
,"11155, EliudMathu Streets, Runda, Westlands","KSh 300,000,000",5
,Kiambu Road,"KSh 32,250,000",3
,Kiambu Road,"KSh 43,500,000",4
,Karen,"KSh 180,000,000",7
,"Karen Bongani road, Karen","KSh 85,000,000",6
,"Chalbi drive, Lavington","KSh 65,000,000",4
,"Thigiri, Westlands","KSh 150,000,000",4
,"Three de lane, Karen","KSh 70,000,000",5
,Lavington,"KSh 68,000,000",4
,"Lavington Green, Lavington","KSh 80,000,000",4
,"Spring Valley, Westlands","KSh 140,000,000",5
,"Kiambu road, Kiambu Road","KSh 30,500,000",4
,Lavington,"KSh 65,000,000",4
,"Ololua estate, Karen","KSh 95,000,000",5
,"Spring Valley, Westlands","KSh 55,000,000",5
,"Kinanda West, Kitisuru, Westlands","KSh 120,000,000",6
,Karen Hardy,"KSh 95,000,000",5
,"01, runda, Runda, Westlands","KSh 97,000,000",4
,"55, Mimosa Road, Runda, Westlands","KSh 250,000,000",7
,Lavington,"KSh 68,000,000",4
,"Runda, Westlands","KSh 150,000,000",6
,"Runda, Nyari, Westlands","KSh 130,000,000",5
,"lavington, Lavington","KSh 140,000,000",4
,"Flame tree, Runda, Westlands","KSh 90,000,000",5
,Kiambu Road,"KSh 32,000,000",4
,"KAHAWA, Kahawa Sukari, Roysambu","KSh 45,000,000",4
,Langata,"KSh 26,500,000",4
,"Karen Academy road, Karen","KSh 115,000,000",6
,"Kahawa Sukari, Roysambu","KSh 50,000,000",4
,Karen,"KSh 90,000,000",5
,"Runda Paradise, Kiambu Road","KSh 32,000,000",4
,Lavington,"KSh 50,000,000",5
,"Near Karen hub, Karen","KSh 75,000,000",4
,"01, lavington, Lavington","KSh 62,000,000",5
,"Old Muthaiga, Muthaiga","KSh 280,000,000",5
,Lavington,"KSh 68,000,000",4
,"Kaputei Road, Kileleshwa","KSh 55,000,000",5
,"Off UN Avenue, Runda, Westlands","KSh 100,000,000",4
,Lavington,"KSh 72,000,000",5
,"11, thome, Thome, Roysambu","KSh 55,000,000",5
,Embakasi,"KSh 12,500,000",3
,"Westland, Parklands, Westlands","KSh 42,000,000",4
,"Grivelia grove westland, Westlands Area, Westlands","KSh 48,000,000",4
,Karen,"KSh 70,000,000",4
,"Kitisuru, Westlands","KSh 120,000,000",5
,"Karen Academy road, Karen","KSh 55,000,000",4
,"kenyatta road, Thika Road","KSh 10,500,000",4
,Kiambu Road,"KSh 18,000,000",4
,"Denis Pritt, Kilimani","KSh 34,000,000",3
,"South C, Jolyn Court","KSh 15,000,000",3
,Lavington,"KSh 95,000,000",5
,"Westlands Area, Westlands","KSh 44,000,000",4
,"Oyster Mews,Langata Road, Langata","KSh 36,000,000",4
,Lavington,"KSh 70,000,000",5
,"Runda, Westlands","KSh 250,000,000",5
,"Karen fair acres, Karen","KSh 65,000,000",4
,Lavington,"KSh 48,000,000",4
,"Pepo Lane, Karen","KSh 150,000,000",4
,"Karen road, Karen","KSh 90,000,000",3
,"Loresho ridge, Loresho, Westlands","KSh 150,000,000",5
,"Langata road, Karen","KSh 190,000,000",7
,"Bogani Park, Karen","KSh 88,000,000",4
,"89, Muthaiga Road, Muthaiga","KSh 650,000,000",6
,"67, Mbambane, Lavington","KSh 95,000,000",5
,"Hardy, Karen","KSh 95,000,000",4
,"Westlands Area, Westlands","KSh 56,500,000",5
,"Runda, Westlands","KSh 100,000,000",5
,"Edenville Estate Phase 1, Kiambu Road","KSh 26,000,000",31
,"Westland, Parklands, Westlands","KSh 90,000,000",5
,"Ibis Drive, Nyari Eatate, Nairobi, Nyari, Westlands","KSh 135,000,000",5
,"Kitisuru, Westlands","KSh 75,000,000",4
,Lavington,"KSh 52,000,000",4
,Kiambu Road,"KSh 52,300,000",4
,Lavington,"KSh 65,000,000",4
,"Lower kabete, Lower Kabete, Westlands","KSh 85,000,000",5
,"Hardy shopping, Karen Hardy","KSh 105,000,000",4
,"Ololua estate, Karen","KSh 95,000,000",4
,"Kitisuru, Westlands","KSh 70,000,000",4
,Lavington,"KSh 85,000,000",4
,Lavington,"KSh 53,000,000",5
,Kilimani,"KSh 38,000,000",3
,"peponi road, Westlands Area, Westlands","KSh 300,000,000",4
,"Rhapta Road, Westlands","KSh 32,000,000",4
,Muthaiga,"KSh 270,000,000",5
,"Runda,Mimosa, Runda, Westlands","KSh 160,000,000",5
,"Riverside, Westlands","KSh 45,000,000",3
,Kilimani,"KSh 36,000,000",4
,Kiambu Road,"KSh 29,500,000",4
,"Lower Kabete, Westlands","KSh 49,000,000",4
,"mukoma road, Karen","KSh 80,000,000",4
,"Riverside, Westlands","KSh 40,000,000",4
,"O, Karen bagathi ridge, Karen","KSh 250,000,000",5
,Karen,"KSh 180,000,000",5
,"Grevillea grove, Brookside, Westlands","KSh 60,000,000",4
,South C,"KSh 20,950,000",4
,"11, Whispers Road, Gigiri, Westlands","KSh 200,000,000",5
,"Muthangari, Westlands Area, Westlands","KSh 45,000,000",5
,Kiambu Road,"KSh 27,000,000",4
,"Mukoma road, Karen","KSh 85,000,000",5
,Karen,"KSh 80,000,000",4
,"Loresho, Westlands","KSh 35,000,000",4
,"two rivers, Gigiri, Westlands","KSh 47,000,000",4
,"345, karen, Karen","KSh 65,000,000",4
,Lavington,"KSh 82,000,000",5
,Lavington,"KSh 58,000,000",5
,Buruburu,"KSh 10,900,000",4
,"099, Amboseli Lane, Lavington","KSh 50,000,000",5
,Langata,"KSh 30,000,000",6
,Lavington,"KSh 40,000,000",4
,"Rusinga Court, Lavington","KSh 500,000,000",5
,"Greenview Villas, Kiambu Road","KSh 32,000,000",4
,"O, Karen kuwinda road, Karen","KSh 85,000,000",4
,"1027m, New Runda, Runda, Westlands","KSh 90,000,000",4
,"Brookside, Westlands, Nairobi","KSh 25,000,000",4
,"Five Star Paradise, Kiambu Road","KSh 52,950,000",4
,"Near Karen hub, Karen","KSh 75,000,000",5
,"Karbasiran, Lavington","KSh 45,000,000",4
,"72, Jacaranda Avenue, Lavington","KSh 135,000,000",6
,Kiambu Road,"KSh 85,000,000",4
,"Karen kuro road, Karen","KSh 67,000,000",7
,Karen,"KSh 75,000,000",4
,"karen, Karen","KSh 65,000,000",5
,Lavington,"KSh 150,000,000",5
,Ngong Road,"KSh 14,500,000",3
,Kiambu Road,"KSh 32,500,000",4
,"Spring Valley, Westlands","KSh 92,000,000",5
,"Oloolua, Karen","KSh 99,000,000",5
,"Argwings Khodhek, Kilimani","KSh 53,000,000",4
,Karen,"KSh 60,000,000",5
,"Loresho, Westlands","KSh 36,000,000",4
,"O, Karen bomas of kenya, Karen","KSh 150,000,000",5
,"Kiu River Rd, Kahawa Sukari, Roysambu","KSh 55,000,000",5
,"45, Eliud Mathu Street, Runda, Westlands","KSh 300,000,000",5
,"Lower Kabete, Westlands","KSh 150,000,000",5
,Kiambu Road,"KSh 63,950,000",5
,Kilimani,"KSh 29,000,000",4
,"1, Off Loresho Ridge, Loresho, Westlands","KSh 130,000,000",4
,"Kitisuru, Westlands","KSh 130,000,000",5
,"Rosslyn lone tree Nairobi, Rosslyn, Westlands","KSh 120,000,000",5
,"01, Runda, Westland, Westlands","KSh 85,000,000",5
,"Lower Kabete, Westlands","KSh 100,000,000",5
,"Dam Estate, Langata Road, Langata","KSh 18,000,000",4
,Kiambu Road,"KSh 35,000,000",4
,"Ngong, Ngong Road","KSh 7,600,000",3
,"Runda, Westlands","KSh 65,000,000",5
,"Near Karen shopping centre, Karen","KSh 130,000,000",6
,"14, KERARAPON DRIVE, Karen","KSh 40,000,000",5
,Lavington,"KSh 75,000,000",5
,"56, Convent Garden, Lavington","KSh 48,450,000",5
,"Lavington Green, Lavington","KSh 60,000,000",4
,"Loresho, Westlands","KSh 40,000,000",4
,"lavington, Lavington","KSh 95,000,000",5
,"Bagathi ridge, Karen","KSh 120,000,000",5
,"171, Jacaranda avenue, Lavington","KSh 140,000,000",6
,"01, Runda, Westland, Westlands","KSh 75,000,000",5
,"Kibagare way, Loresho, Westlands","KSh 85,000,000",4
,Karen,"KSh 65,000,000",4
,"Ndege road, Karen","KSh 130,000,000",4
,"Kitisuru, Westlands","KSh 135,000,000",4
,South C,"KSh 18,500,000",4
,"O, Karen bomas of kenya, Karen","KSh 150,000,000",5
,Kiambu Road,"KSh 84,000,000",3
,"Fourways Junction Estate, Kiambu Road","KSh 25,000,000",3
,Lavington,"KSh 60,000,000",5
,Karen,"KSh 82,000,000",5
,"Lenana Road, Kilimani, Nairobi","KSh 50,000,000",5
,"miotoni road, Karen","KSh 550,000,000",8
,South C,"KSh 32,000,000",4
,"Karen miotoni, Karen","KSh 120,000,000",5
,"0928n/0929p, within Runda Estate., Runda, Westlands","KSh 90,000,000",4
,Imara Daima,"KSh 11,000,000",3
,Kiambu Road,"KSh 85,000,000",5
,Kilimani,"KSh 35,000,000",3
,Kiambu Road,"KSh 85,000,000",5
,"01, karen, Nairobi, Karen","KSh 90,000,000",4
,"Runda, Westlands","KSh 85,000,000",5
,"Riverbank Estate, South B","KSh 13,000,000",3
,Karen,"KSh 120,000,000",5
,"Kirarapon, Karen","KSh 40,000,000",4
,Lavington,"KSh 85,000,000",5
,"O, Karen ushirka road, Karen","KSh 130,000,000",5
,"Kiambu road, Kiambu Road","KSh 30,200,000",4
,"Riverside Drive, Westlands Area, Westlands","KSh 45,000,000",5
,"678, Eliud Mathu, Runda, Westlands","KSh 300,000,000",4
,"Gigiri, Westlands","KSh 220,000,000",5
,"Jamhuri phase 1, Ngong Road","KSh 16,200,000",31
,"Gigiri, Westlands",Price not communicated,5
,Lavington,"KSh 48,000,000",4
,"Karen Academy road, Karen","KSh 115,000,000",6
,Lavington,"KSh 63,000,000",4
,"Nyari, Westlands","KSh 130,000,000",5
,Karen,"KSh 70,000,000",5
,"Fourways Junction Estate, Kiambu Road","KSh 31,000,000",4
,"MUMIAS SOUTH RD, Buruburu","KSh 10,000,000",3
,"Gigiri, Westlands","KSh 110,000,000",4
,South C,"KSh 19,000,000",3
,Karen,"KSh 70,000,000",4
,"Convent, Lavington","KSh 60,000,000",5
,"Kitisuru, Westlands","KSh 880,000,000",5
,"Kitisuru, Westlands","KSh 120,000,000",5
,"77, Evergreen, Runda, Westlands","KSh 135,000,000",7
,"Kiambu road, Kiambu Road","KSh 62,000,000",4
,"O, Karen bomas of kenya, Karen","KSh 150,000,000",5
,Karen,"KSh 85,000,000",4
,Kiambu Road,"KSh 39,000,000",4
,"Buruburu Ph v, Buruburu","KSh 11,500,000",3
,Lavington,"KSh 85,000,000",5
,Lavington,"KSh 63,000,000",5
,"Kitengela road, Langata","KSh 16,000,000",3
,"Windsor, Roysambu","KSh 60,000,000",4
,Lavington,"KSh 55,000,000",5
,Karen,"KSh 98,000,000",5
,"Lower Kabete, Westlands","KSh 140,000,000",5
,"Kommarock, Komarock","KSh 13,000,000",4
,"90, Kinanda Road, Kitisuru, Westlands","KSh 120,000,000",6
,"Kyuna, Westlands","KSh 49,500,000",4
,"112, Kinanda Road, Kitisuru, Westlands","KSh 120,000,000",6
,Lavington,"KSh 68,000,000",4
,"langata road, Langata","KSh 37,000,000",4
,Karen,"KSh 80,000,000",5
,"78, Loresho Ridge, Loresho, Westlands","KSh 120,000,000",5
,Donholm,"KSh 11,500,000",3
,"Fana road, Karen","KSh 67,000,000",5
,"Owashika road, Lavington, Nairobi","KSh 165,000,000",4
,Kiambu Road,"KSh 30,000,000",4
,Lavington,"KSh 75,000,000",4
,"Kitisuru, Westlands","KSh 350,000,000",4
,Karen,"KSh 67,000,000",5
,"01, Runda,, Runda, Westlands","KSh 130,000,000",5
,Kiambu Road,"KSh 85,000,000",5
,"Edenville, Kiambu Road","KSh 25,945,000",4
,Embakasi,"KSh 13,000,000",3
,"01, Kitisuru,, Kitisuru, Westlands","KSh 400,000,000",6
,Kiambu Road,"KSh 40,000,000",4
,"45, Kitisuru 44, Kitisuru, Westlands","KSh 120,000,000",644
,Karen,"KSh 130,000,000",5
,"Westlands Area, Westlands","KSh 180,000,000",5
,South C,"KSh 38,000,000",5
,"Kencom Sacco, Runda, Westlands","KSh 38,500,000",4
,Karen,"KSh 90,000,000",4
,"Ngong kibiko, Ngong Road","KSh 15,500,000",5
,Langata,"KSh 29,000,000",5
,Lavington,"KSh 60,000,000",5
,"lavington, Lavington","KSh 70,000,000",4
,Ngong Road,"KSh 12,500,000",2
,"Westlands Area, Westlands","KSh 60,000,000",5
,Ridgeways,"KSh 75,000,000",3
,"Garden Estate, Roysambu","KSh 90,000,000",5
,"Nyari, Westlands","KSh 130,000,000",6
,"Isaac Gathanju, Lavington","KSh 85,000,000",5
,"Old Muthaiga, Muthaiga","KSh 550,000,000",5
,"O, Kahawa, Roysambu","KSh 55,000,000",5
,"Kangundo road, Malaa, Kamulu Joska Malaa","KSh 7,800,000",3
,"Muthithi road, Kiambu Road","KSh 30,000,000",4
,"Mountain view, Mountain View, Westlands","KSh 42,000,000",4
,"Paradise Lost, Kiambu Road","KSh 85,000,000",4
,Karen,"KSh 69,000,000",4
,"loresho, Loresho, Westlands","KSh 130,000,000",5
,"Malaa town, Kangundo road, Malaa, Kamulu Joska Malaa","KSh 5,750,000",3
,"Karen hub, Karen","KSh 110,000,000",5
,Ruai,"KSh 9,800,000",4
,"Thigiri, Westlands","KSh 135,000,000",4
,"Ushirka road, Karen Hardy","KSh 110,000,000",5
,Karen,"KSh 99,000,000",5
,Karen,"KSh 150,000,000",5
,Kiambu Road,"KSh 23,500,000",3
,South C,"KSh 32,000,000",4
,"01, lower kabete, westland, Lower Kabete, Westlands","KSh 85,000,000",5
,"01, Runda, Westland, Westlands","KSh 97,000,000",4
,"Bomas of kenya, Karen","KSh 150,000,000",5
,"Coffee Gardens - Muthaiga North, Muthaiga","KSh 115,000,000",4
,Karen,"KSh 95,000,000",5
,Lavington,"KSh 75,000,000",5
,Lavington,"KSh 55,000,000",5
,Buruburu,"KSh 13,000,000",3
,"Maziwa, Lavington Green, Lavington","KSh 145,000,000",6
,"Riverside close, Riverside, Westlands","KSh 47,000,000",5
,Kiambu Road,"KSh 19,250,000",2
,Kasarani,"KSh 69,500,000",4
,"Karen hub, Karen","KSh 135,000,000",5
,Langata,"KSh 17,000,000",4
,"Mbagathi Way, Langata","KSh 12,500,000",3
,Lavington,"KSh 55,000,000",5
,"Nyari, Westlands","KSh 220,000,000",5
,"78, Flem Tree, Runda, Westlands","KSh 115,000,000",5
,"near Astrol area, opposite GSU, Utawala","KSh 30,000,000",5
,"01, Lavington","KSh 95,000,000",5
,Lavington,"KSh 50,000,000",5
,"Lower Kabete, Westlands","KSh 125,000,000",4
,"O, Bongani road, Karen","KSh 85,000,000",6
,"Fourways Junction Estate, Kiambu Road","KSh 31,000,000",4
,"LAVINGTON, Lavington","KSh 42,000,000",3
,"Loresho, Westlands",Price not communicated,4
,"miotoni road, Karen","KSh 150,000,000",5
,Lavington,"KSh 85,000,000",5
,"Lower Kabete, Westlands","KSh 85,000,000",5
,"890, Eliud Mathu streets, Runda, Westlands","KSh 300,000,000",5
,"langata south road, Karen","KSh 65,000,000",4
,"waiyaki way, Westlands Area, Westlands","KSh 38,500,000",3
,"Five Star Paradise, Kiambu Road","KSh 52,000,000",4
,Lavington,"KSh 65,000,000",5
,"Loresho Ridge, Loresho, Westlands","KSh 44,000,000",4
,Lavington,"KSh 70,000,000",4
,Lavington,"KSh 50,000,000",5
,"Duom Palm Street, Runda, Westlands","KSh 90,000,000",5
,"Loresho, Westlands","KSh 60,000,000",4
,Muthaiga,"KSh 250,000,000",5
,"Kenyatta Road, Thika Road","KSh 7,800,000",3
,"South c, South C","KSh 19,000,000",3
,"Near social amenities such as West gate mall and Sarit centre, Brookside, Westlands","KSh 55,000,000",5
,"EDENVILLE PHASE 2, Kiambu Road","KSh 24,500,000",42
,"Loresho, Westlands","KSh 120,000,000",5
,"Spring Valley, Westlands","KSh 90,000,000",4
,"General Mathenge, Westlands","KSh 200,000,000",9
,"01, kitisuru, westland, Kitisuru, Westlands","KSh 120,000,000",5
,"Loresho, Westlands","KSh 150,000,000",5
,"Kitisuru, Westlands","KSh 120,000,000",5
,"Langata south road, Karen","KSh 90,000,000",5
,"Westlands Area, Westlands","KSh 35,000,000",5
,"Karen hardy, Karen Hardy","KSh 87,000,000",4
,"Lower Kabete, Westlands","KSh 90,000,000",5
,"O, Karen THREE DE ROAD, Karen","KSh 75,000,000",4
,"x, runda, Runda, Westlands","KSh 120,000,000",5
,"Makindi Road, Lavington","KSh 60,000,000",4
,Lavington,"KSh 50,000,000",5
,"Runda, Westlands","KSh 68,000,000",5
,"Dennis Pritt Rd, Palm Spring Gardens, Dennis Pritt","KSh 69,000,000",4
,"Karen muteero, Karen","KSh 67,000,000",4
,"Runda mimosa, Runda, Westlands","KSh 250,000,000",7
,"Nyari, Westlands","KSh 130,000,000",5
,Ruai,"KSh 12,500,000",4
,"Lower Kabete, Westlands","KSh 160,000,000",5
,"Woodvale Drive, Runda, Nairobi, Westlands","KSh 95,000,000",4
,"O, Masai west road, Karen","KSh 75,000,000",4
,Kiambu Road,"KSh 25,000,000",3
,Karen,"KSh 165,000,000",7
,Karen Hardy,"KSh 120,000,000",5
,"Mukoma road, Karen","KSh 85,000,000",4
,"Runda, Westlands","KSh 75,000,000",3
,Langata,"KSh 27,000,000",5
,Kiambu Road,"KSh 65,000,000",5
,"Loresho, Westlands","KSh 41,000,000",4
,"Maziwa, Lavington","KSh 58,000,000",4
,"O, Three Dee lane, Karen","KSh 75,000,000",4
,Lavington,"KSh 95,000,000",5
,"Mukoma road, Karen","KSh 85,000,000",4
,"Brookside, Westlands","KSh 58,000,000",4
,"01, karen, Karen","KSh 50,000,000",4
,"Ololua estate, Karen","KSh 95,000,000",5
,"Paradise lost road, Kiambu Road","KSh 75,000,000",3
,Langata,"KSh 26,500,000",3
,Kiambu Road,"KSh 40,000,000",4
,Lavington,"KSh 75,000,000",4
,"Runda, Westlands","KSh 40,000,000",4
,"Thome, Roysambu","KSh 69,000,000",4
,"O, Karen","KSh 150,000,000",6
,"Ushirika Road, Karen Hardy","KSh 120,000,000",6
,Karen,"KSh 150,000,000",6
,"Parklands, Westlands","KSh 25,000,000",4
,Kiambu Road,"KSh 32,500,000",4
,"O, Near mugoya estate, South C","KSh 21,000,000",4
,"Fivestar Meadows Estate, Kiambu Road","KSh 40,000,000",4
,"Riverside, Westlands","KSh 60,000,000",4
,Kileleshwa,"KSh 32,000,000",4
,Kiambu Road,"KSh 28,000,000",4
,"Runda, Westlands","KSh 70,000,000",4
,Ngumo Estate,"KSh 16,000,000",3
,"Runda, Westlands","KSh 80,000,000",5
,"Kigwa Springs Close, Ridgeways","KSh 90,000,000",4
,"Rhino Park Road, Karen","KSh 70,000,000",4
,"Malaa, Kamulu Joska Malaa","KSh 5,900,000",3
,Lavington,"KSh 51,000,000",5
,Lavington,"KSh 40,000,000",5
,Lavington,"KSh 68,000,000",4
,"Kaputei road, Lavington","KSh 350,000,000",5
,"Wanyee Road, Dagoretti Corner","KSh 14,900,000",3
,"O, Karen ololua estate, Karen","KSh 95,000,000",5
,"Muthaiga North, Muthaiga","KSh 38,000,000",4
,"01, Runda, Westland, Westlands","KSh 92,000,000",5
,Kileleshwa,"KSh 55,000,000",5
,"Njathaini road, Kiambu Road","KSh 30,000,000",4
,Lavington,"KSh 67,500,000",5
,"Katani Road, Syokimau, Mombasa Road","KSh 20,000,000",5
,"Off Gitanga, Lavington","KSh 26,800,000",4
,"Kiambu road, Kiambu Road","KSh 32,000,000",4
,Lavington,"KSh 182,000,000",4
,"56, Runda Road, Runda, Westlands","KSh 92,000,000",5
,"Runda, Nairobi, Westlands","KSh 105,000,000",5
,Lavington,"KSh 185,000,000",4
,"O, Ngong, Ngong Road","KSh 7,200,000",3
,Embakasi,"KSh 12,600,000",3
,"School lane, Westlands Area, Westlands","KSh 45,000,000",4
,"Off Langata Road, Karen","KSh 190,000,000",7
,Langata,"KSh 26,000,000",4
,"Parklands, Westlands","KSh 37,000,000",4
,"Loresho, Westlands","KSh 150,000,000",4
,South C,"KSh 26,000,000",4
,"Lower Kabete, Westlands","KSh 125,000,000",5
,Kiambu Road,"KSh 24,500,000",4
,"Runda, Westlands","KSh 90,000,000",7
,"Marist Lane, Karen","KSh 135,000,000",5
,Lavington,"KSh 67,000,000",4
,Karen,"KSh 75,000,000",4
,"Mamba village, Karen","KSh 83,000,000",6
,"Alozi estate Rd, Garden Estate, Roysambu","KSh 56,000,000",5
,Kiambu Road,"KSh 53,500,000",4
,"Bongani road, Karen","KSh 100,000,000",7
,Lavington,"KSh 66,000,000",4
,"Hillcrest road, Karen","KSh 50,000,000",4
,Lavington,"KSh 235,000,000",3
,Lavington,"KSh 68,000,000",4
,"Peponi Road, Westlands Area, Westlands","KSh 83,000,000",4
,"Mimosa, Runda, Westlands","KSh 85,000,000",5
,"Runda, Westlands","KSh 90,000,000",5
,"Jamhuri estate, off Ngong Road, Jamhuri","KSh 23,000,000",5
,"Ushirika Road, Karen","KSh 100,000,000",7
,"O, Marula, Karen","KSh 300,000,000",6
,"87, Mugumo Road, Runda, Westlands","KSh 130,000,000",7
,"Brookside, Westlands","KSh 45,000,000",4
,Karen Hardy,"KSh 112,500,000",5
,"Westlands Area, Westlands","KSh 70,000,000",5
,"O, Karen Marist road, Karen","KSh 150,000,000",5
,"Ngecha Rd, Kitisuru, Westlands","KSh 128,000,000",5
,Kiambu Road,"KSh 37,000,000",4
,Kiambu Road,"KSh 32,000,000",4
,Lavington,"KSh 98,000,000",5
,"Ngecha Road, Kitisuru, Westlands","KSh 65,000,000",4
,"Miotoni road, Karen","KSh 350,000,000",8
,"77, Mimosa Road, Runda, Westlands","KSh 150,000,000",5
,Lavington,"KSh 65,000,000",4
,Lavington,"KSh 55,000,000",5
,Ridgeways,"KSh 90,000,000",4
,"Loresho, Westlands","KSh 40,000,000",4
,"Runda, Westlands","KSh 160,000,000",6
,"Hillcrest, Karen","KSh 46,000,000",4
,Lavington,"KSh 60,000,000",5
,"SouthC, South C","KSh 21,000,000",4
,Karen,"KSh 75,000,000",4
,"Brookside, Westlands","KSh 55,000,000",5
,"01, nyari, westland, Nyari, Westlands","KSh 130,000,000",5
,Muthaiga,"KSh 138,000,000",4
,"37, Icipe Road, Kasarani","KSh 22,000,000",4
,"89, Runda Road, Runda, Westlands","KSh 130,000,000",7
,"01, lavington, Nairobi, Lavington","KSh 50,000,000",4
,Karen,"KSh 75,000,000",4
,"Mimosa, Runda, Westlands","KSh 135,000,000",5
,Ridgeways,"KSh 145,000,000",7
,Karen,"KSh 85,000,000",4
,South B,"KSh 20,000,000",4
,"Mushroom Gardens, Kiambu Road","KSh 33,000,000",4
,"Oloolua Ridge, Karen","KSh 99,000,000",5
,"O, Ololua road, Karen","KSh 95,000,000",5
,"80, Kinanda Road, Kitisuru, Westlands","KSh 120,000,000",6
,"Garden Estate, Roysambu","KSh 27,000,000",4
,"Kyuna, Westlands","KSh 135,000,000",5
,"Karen Kikeni road, Karen Hardy","KSh 47,000,000",4
,"Spring Valley, Westlands","KSh 85,000,000",4
,"Westlands Area, Westlands","KSh 58,500,000",4
,"Ushirika Road, Karen Hardy","KSh 150,000,000",6
,"Runda, Westlands","KSh 90,000,000",5
,"Garden Estate, Roysambu","KSh 70,000,000",5
,Lavington,"KSh 65,000,000",4
,Lavington,Price not communicated,4
,"Joska, Kamulu Joska Malaa","KSh 7,000,000",3
,"Kinoo, Waiyaki Way, Westlands","KSh 15,000,000",6
,"Mawe Mbili Road, Ruai","KSh 22,000,000",7
,"No. 4, Serenity Road, Lavington","KSh 57,500,000",5
,"Nyeri road, Kileleshwa","KSh 58,000,000",7
,Lavington,"KSh 42,000,000",4
,"Njiru riverside, Kasarani","KSh 3,800,000",2
,"Donholm Savannah Road, Donholm","KSh 11,000,000",4
,"Bongani road, Karen","KSh 55,000,000",6
,"Kumbe road, Karen","KSh 110,000,000",5
,Langata,"KSh 15,000,000",3
,Komarock,"KSh 7,500,000",4
,"Nairobi, Lavington","KSh 70,000,000",5
,Komarock,"KSh 12,000,000",4
,South C,"KSh 13,000,000",4
,"Donholm, Embakasi","KSh 14,000,000",4
,"Mukoma road, Karen","KSh 170,000,000",10
,"Mzima Springs, Lavington","KSh 140,000,000",5
,Lavington,"KSh 68,000,000",4
,"Desai Road, Ngara","KSh 55,000,000",10
,"Kericho road, Kahawa Sukari, Roysambu","KSh 27,000,000",5
,"ROYAL APARTMENTS, OFF CHURCH, Mombasa Road","KSh 280,000,000",5
,"Muhoya avenue, Lavington","KSh 230,000,000",6
,"Runda, Westlands","KSh 65,000,000",6
,Lavington,"KSh 54,000,000",5
,"Runda, Westlands",Price not communicated,5
,Lavington,"KSh 60,000,000",4
,Kiambu Road,"KSh 30,200,000",4
,Ruai,"KSh 12,500,000",5
,"Spring Valley, Westlands","KSh 170,000,000",4
,Muthaiga,"KSh 550,000,000",5
,South B,"KSh 21,000,000",4
,Donholm,"KSh 14,500,000",3
,"Thome, Roysambu","KSh 50,000,000",4
,Donholm,"KSh 10,500,000",3
,"Runda, Westlands","KSh 140,000,000",5
,Karen,"KSh 250,000,000",10
,Karen,"KSh 150,000,000",4
,"Runda Mhasibu, Runda, Westlands","KSh 47,000,000",4
,"Langata road, The Hub Karen, Karen","KSh 195,000,000",5
,Lavington,"KSh 60,000,000",4
,"Loresho, Westlands","KSh 45,000,000",4
,"behind Panari Hotel, Road C, Mombasa Road","KSh 27,000,000",4
,Karen,"KSh 160,000,000",5
,Lavington,"KSh 85,000,000",5
,"Westlands Area, Westlands","KSh 36,000,000",5
,Karen,"KSh 95,000,000",5
,Lavington,"KSh 85,000,000",4
,Ngong Road,"KSh 11,500,000",3
,Langata,"KSh 30,000,000",4
,Komarock,"KSh 7,300,000",4
,"Runda, Westlands","KSh 150,000,000",5
,Karen,"KSh 65,000,000",4
,"Gigiri Suburb, Gigiri, Westlands",Price not communicated,7
,Embakasi,"KSh 11,000,000",4
,"Spring Valley, Westlands",Price not communicated,4
,Donholm,"KSh 7,500,000",3
,Komarock,"KSh 5,300,000",2
,"Parklands, Westlands","KSh 32,000,000",4
,"oloitoktok road, Kileleshwa","KSh 29,500,000",4
,"Buruburu Phase 1, Buruburu","KSh 10,500,000",31
,Komarock,"KSh 10,000,000",4
,"301, Runda grove, Runda, Westlands","KSh 280,000,000",7
,Kiambu Road,"KSh 26,000,000",3
,"Loresho, Westlands","KSh 140,000,000",5
,Lavington,"KSh 140,000,000",7
,"Runda, Westlands","KSh 700,000,000",10
,Lavington,"KSh 75,000,000",5
,Lavington,"KSh 68,000,000",4
,"Gigiri, Westlands","KSh 85,000,000",5
,"Eden Ville Estate Phase 1,Along Kiambu Road, Kiambu Road","KSh 30,000,000",4
,"Mwanzi Road, Westlands Area, Westlands","KSh 27,000,000",4
,"Runda, Westlands","KSh 100,000,000",4
,"N/A, Kangundo Road, Joska, Kamulu Joska Malaa","KSh 12,500,000",3
,"Thika, Thika Road","KSh 45,000,000",6
,"Kabarsiran, Lavington","KSh 45,000,000",4
,"Runda,Runda, Runda, Westlands","KSh 75,000,000",5
,"Nyali, Rosslyn, Westlands","KSh 110,000,000",5
,"Runda, Westlands","KSh 72,000,000",4
,"Garden Estate, Roysambu","KSh 75,000,000",5
,"Kitisuru, Westlands","KSh 100,000,000",5
,"Runda mimosa, Runda, Westlands","KSh 80,000,000",6
,"Runda, Westlands","KSh 90,000,000",4
,"Loresho, Westlands","KSh 150,000,000",4
,"Fouways Junction Estate, Kiambu Road","KSh 29,000,000",4
,"Ngei phase 2, Langata","KSh 25,000,000",32
,Karen Hardy,"KSh 110,000,000",10
,"Along Kiambu Road Off Paradise Lost Road, Kiambu Road","KSh 32,000,000",4
,"Loresho, Westlands","KSh 150,000,000",5
,"Kipawa, Kamulu, Kamulu Joska Malaa","KSh 7,500,000",3
,"Muthithi Road, Kiambu Road","KSh 30,000,000",4
,Karen,"KSh 85,000,000",4
,"Kangundo Road, Joska, Kamulu Joska Malaa","KSh 8,150,000",3
,Donholm,"KSh 11,000,000",4
,"Mimosa Ridge, Runda Mimosa Road, Runda, Westlands","KSh 130,000,000",5
,Kiambu Road,"KSh 45,000,000",4
,"1, Lavington","KSh 90,000,000",5
,"Brookside, Westlands","KSh 50,000,000",4
,"Ridgeway, Ridgeways","KSh 100,000,000",4
,Lavington,"KSh 85,000,000",5
,Lavington,"KSh 64,000,000",5
,"Rosslyn, Westlands","KSh 110,000,000",4
,Lavington,"KSh 70,000,000",4
,"Runda, Westlands","KSh 120,000,000",5
,"Near the Bypass Junction, Kiambu Road","KSh 40,000,000",4
,"200M Off Kiambu Road, Kiambu Road","KSh 28,000,000",4200
,Langata,"KSh 27,000,000",5
,"Parklands, Westlands","KSh 45,000,000",4
,Imara Daima,"KSh 18,500,000",5
,"Forest edge Road, Karen","KSh 120,000,000",5
,"Runda, Runda mumwe, Westlands","KSh 75,000,000",4
,"Rossyln, Rosslyn, Westlands","KSh 200,000,000",6
,"Fourways Junction Estate, Kiambu Road","KSh 25,000,000",3
,"Runda, Old Runda, Westlands","KSh 220,000,000",5
,"Runda, Old Runda, Westlands","KSh 100,000,000",6
,"Fivestar Meadows Estate, Kiambu Road","KSh 38,500,000",4
,"Kahawa, Roysambu","KSh 38,000,000",4
,"East Church Road, Westlands Area, Westlands","KSh 40,000,000",5
,Kiambu Road,"KSh 32,000,000",4
,"Off Paradise Lost Road, Kiambu Road","KSh 29,000,000",4
,"Kenyatta Road, Thika Road","KSh 15,500,000",4
,"Njumbi Rd, Lavington","KSh 78,000,000",4
,Karen,"KSh 60,000,000",4
,"Mirema Drive, Mirema, Roysambu","KSh 23,500,000",5
,"Summerfield, Kiambu Road","KSh 37,000,000",4
,Lavington,"KSh 48,000,000",5
,Kiambu Road,"KSh 37,000,000",4
,"Off Mirema Rd, Thika Road","KSh 40,000,000",5
,Kiambu Road,"KSh 24,500,000",4
,"Riara Road, Kilimani","KSh 37,500,000",3
,Lavington,Price not communicated,8
,"Waiyaki Way, Westlands","KSh 19,800,000",4
,"8588, Kamura Road, Utawala","KSh 11,000,000",4
,"6, Mirema Drive, Mirema, Roysambu","KSh 15,800,000",4
,"Wilmary Estate, Garden Estate, Roysambu","KSh 45,000,000",5
,"Runda, Westlands","KSh 65,000,000",6
